Item ID,PageType,LeafNum,PgNum
Softline_1981_11_Japan_USA,Title,0,None
Softline_1981_11_Japan_USA,Normal,1,None
Softline_1981_11_Japan_USA,Normal,2,None
Softline_1981_11_full,Title,0,None
Softline_1981_11_full,Normal,1,None
Softline_1981_11_full,Normal,2,None
Softline_1981_11_full,Normal,3,None
Softline_1981_11_full,Normal,4,None
Softline_1981_11_full,Normal,5,None
Softline_1981_11_full,Normal,6,None
Softline_1981_11_full,Normal,7,None
Softline_1981_11_full,Normal,8,None
Softline_1981_11_full,Normal,9,None
Softline_1981_11_full,Normal,10,None
Softline_1981_11_full,Normal,11,None
Softline_1981_11_full,Normal,12,None
Softline_1981_11_full,Normal,13,None
Softline_1981_11_full,Normal,14,None
Softline_1981_11_full,Normal,15,None
Softline_1981_11_full,Normal,16,None
Softline_1981_11_full,Normal,17,None
Softline_1981_11_full,Normal,18,None
Softline_1981_11_full,Normal,19,None
Softline_1981_11_full,Normal,20,None
Softline_1981_11_full,Normal,21,None
Softline_1981_11_full,Normal,22,None
Softline_1981_11_full,Normal,23,None
Softline_1981_11_full,Normal,24,None
Softline_1981_11_full,Normal,25,None
Softline_1981_11_full,Normal,26,None
Softline_1981_11_full,Normal,27,None
Softline_1981_11_full,Normal,28,None
Softline_1981_11_full,Normal,29,None
Softline_1981_11_full,Normal,30,None
Softline_1981_11_full,Normal,31,None
Softline_1982_01,Title,0,None
Softline_1982_01,Normal,1,None
Softline_1982_01,Normal,2,None
Softline_1982_01,Normal,3,None
Softline_1982_01,Normal,4,None
Softline_1982_01,Normal,5,None
Softline_1982_01,Normal,6,None
Softline_1982_01,Normal,7,None
Softline_1982_01,Normal,8,None
Softline_1982_01,Normal,9,None
Softline_1982_01,Normal,10,None
Softline_1982_01,Normal,11,None
Softline_1982_01,Normal,12,None
Softline_1982_01,Normal,13,None
Softline_1982_01,Normal,14,None
Softline_1982_01,Normal,15,None
Softline_1982_01,Normal,16,None
Softline_1982_01,Normal,17,None
Softline_1982_01,Normal,18,None
Softline_1982_01,Normal,19,None
Softline_1982_01,Normal,20,None
Softline_1982_01,Normal,21,None
Softline_1982_01,Normal,22,None
Softline_1982_01,Normal,23,None
Softline_1982_01,Normal,24,None
Softline_1982_01,Normal,25,None
Softline_1982_01,Normal,26,None
Softline_1982_01,Normal,27,None
Softline_1982_01,Normal,28,None
Softline_1982_01,Normal,29,None
Softline_1982_01,Normal,30,None
Softline_1982_01,Normal,31,None
Softline_1982_01,Normal,32,None
Softline_1982_01,Normal,33,None
Softline_1982_01,Normal,34,None
Softline_1982_01,Normal,35,None
Softline_1982_01,Normal,36,None
Softline_1982_01,Normal,37,None
Softline_1982_01,Normal,38,None
Softline_1982_01,Normal,39,None
Softline_1982_03,Title,0,None
Softline_1982_03,Normal,1,None
Softline_1982_03,Normal,2,None
Softline_1982_03,Normal,3,None
Softline_1982_03,Normal,4,None
Softline_1982_03,Normal,5,None
Softline_1982_03,Normal,6,None
Softline_1982_03,Normal,7,None
Softline_1982_03,Normal,8,None
Softline_1982_03,Normal,9,None
Softline_1982_03,Normal,10,None
Softline_1982_03,Normal,11,None
Softline_1982_03,Normal,12,None
Softline_1982_03,Normal,13,None
Softline_1982_03,Normal,14,None
Softline_1982_03,Normal,15,None
Softline_1982_03,Normal,16,None
Softline_1982_03,Normal,17,None
Softline_1982_03,Normal,18,None
Softline_1982_03,Normal,19,None
Softline_1982_03,Normal,20,None
Softline_1982_03,Normal,21,None
Softline_1982_03,Normal,22,None
Softline_1982_03,Normal,23,None
Softline_1982_03,Normal,24,None
Softline_1982_03,Normal,25,None
Softline_1982_03,Normal,26,None
Softline_1982_03,Normal,27,None
Softline_1982_03,Normal,28,None
Softline_1982_03,Normal,29,None
Softline_1982_03,Normal,30,None
Softline_1982_03,Normal,31,None
Softline_1982_03,Normal,32,None
Softline_1982_03,Normal,33,None
Softline_1982_03,Normal,34,None
Softline_1982_03,Normal,35,None
Softline_1982_03,Normal,36,None
Softline_1982_03,Normal,37,None
Softline_1982_03,Normal,38,None
Softline_1982_03,Normal,39,None
Softline_1982_03,Normal,40,None
Softline_1982_03,Normal,41,None
Softline_1982_03,Normal,42,None
Softline_1982_03,Normal,43,None
Softline_1982_03,Normal,44,None
Softline_1982_03,Normal,45,None
Softline_1982_03,Normal,46,None
Softline_1982_03,Normal,47,None
Softline_1982_03,Normal,48,None
Softline_1982_03,Normal,49,None
Softline_1982_03,Normal,50,None
Softline_1982_03,Normal,51,None
Softline_1982_03,Normal,52,None
Softline_1982_03,Normal,53,None
Softline_1982_03,Normal,54,None
Softline_1982_03,Normal,55,None
Softline_1982_03,Normal,56,None
Softline_1982_03,Normal,57,None
Softline_1982_03,Normal,58,None
Softline_1982_03,Normal,59,None
Softline_1982_03,Normal,60,None
Softline_1982_03,Normal,61,None
Softline_1982_03,Normal,62,None
Softline_1982_03,Normal,63,None
Softline_1982_05,Title,0,None
Softline_1982_05,Normal,1,None
Softline_1982_05,Normal,2,None
Softline_1982_05,Normal,3,None
Softline_1982_05,Normal,4,None
Softline_1982_05,Normal,5,None
Softline_1982_05,Normal,6,None
Softline_1982_05,Normal,7,None
Softline_1982_05,Normal,8,None
Softline_1982_05,Normal,9,None
Softline_1982_05,Normal,10,None
Softline_1982_05,Normal,11,None
Softline_1982_05,Normal,12,None
Softline_1982_05,Normal,13,None
Softline_1982_05,Normal,14,None
Softline_1982_05,Normal,15,None
Softline_1982_05,Normal,16,None
Softline_1982_05,Normal,17,None
Softline_1982_05,Normal,18,None
Softline_1982_05,Normal,19,None
Softline_1982_05,Normal,20,None
Softline_1982_05,Normal,21,None
Softline_1982_05,Normal,22,None
Softline_1982_05,Normal,23,None
Softline_1982_05,Normal,24,None
Softline_1982_05,Normal,25,None
Softline_1982_05,Normal,26,None
Softline_1982_05,Normal,27,None
Softline_1982_05,Normal,28,None
Softline_1982_05,Normal,29,None
Softline_1982_05,Normal,30,None
Softline_1982_05,Normal,31,None
Softline_1982_05,Normal,32,None
Softline_1982_05,Normal,33,None
Softline_1982_05,Normal,34,None
Softline_1982_05,Normal,35,None
Softline_1982_05,Normal,36,None
Softline_1982_05,Normal,37,None
Softline_1982_05,Normal,38,None
Softline_1982_05,Normal,39,None
Softline_1982_05,Normal,40,None
Softline_1982_05,Normal,41,None
Softline_1982_05,Normal,42,None
Softline_1982_05,Normal,43,None
Softline_1982_05,Normal,44,None
Softline_1982_05,Normal,45,None
Softline_1982_05,Normal,46,None
Softline_1982_05,Normal,47,None
Softline_1982_05,Normal,48,None
Softline_1982_05,Normal,49,None
Softline_1982_05,Normal,50,None
Softline_1982_05,Normal,51,None
Softline_1982_05,Normal,52,None
Softline_1982_05,Normal,53,None
Softline_1982_05,Normal,54,None
Softline_1982_05,Normal,55,None
Softline_1982_07,Title,0,None
Softline_1982_07,Normal,1,None
Softline_1982_07,Normal,2,None
Softline_1982_07,Normal,3,None
Softline_1982_07,Normal,4,None
Softline_1982_07,Normal,5,None
Softline_1982_07,Normal,6,None
Softline_1982_07,Normal,7,None
Softline_1982_07,Normal,8,None
Softline_1982_07,Normal,9,None
Softline_1982_07,Normal,10,None
Softline_1982_07,Normal,11,None
Softline_1982_07,Normal,12,None
Softline_1982_07,Normal,13,None
Softline_1982_07,Normal,14,None
Softline_1982_07,Normal,15,None
Softline_1982_07,Normal,16,None
Softline_1982_07,Normal,17,None
Softline_1982_07,Normal,18,None
Softline_1982_07,Normal,19,None
Softline_1982_07,Normal,20,None
Softline_1982_07,Normal,21,None
Softline_1982_07,Normal,22,None
Softline_1982_07,Normal,23,None
Softline_1982_07,Normal,24,None
Softline_1982_07,Normal,25,None
Softline_1982_07,Normal,26,None
Softline_1982_07,Normal,27,None
Softline_1982_07,Normal,28,None
Softline_1982_07,Normal,29,None
Softline_1982_07,Normal,30,None
Softline_1982_07,Normal,31,None
Softline_1982_07,Normal,32,None
Softline_1982_07,Normal,33,None
Softline_1982_07,Normal,34,None
Softline_1982_07,Normal,35,None
Softline_1982_07,Normal,36,None
Softline_1982_07,Normal,37,None
Softline_1982_07,Normal,38,None
Softline_1982_07,Normal,39,None
Softline_1982_09,Title,0,None
Softline_1982_09,Normal,1,None
Softline_1982_09,Normal,2,None
Softline_1982_09,Normal,3,None
Softline_1982_09,Normal,4,None
Softline_1982_09,Normal,5,None
Softline_1982_09,Normal,6,None
Softline_1982_09,Normal,7,None
Softline_1982_09,Normal,8,None
Softline_1982_09,Normal,9,None
Softline_1982_09,Normal,10,None
Softline_1982_09,Normal,11,None
Softline_1982_09,Normal,12,None
Softline_1982_09,Normal,13,None
Softline_1982_09,Normal,14,None
Softline_1982_09,Normal,15,None
Softline_1982_09,Normal,16,None
Softline_1982_09,Normal,17,None
Softline_1982_09,Normal,18,None
Softline_1982_09,Normal,19,None
Softline_1982_09,Normal,20,None
Softline_1982_09,Normal,21,None
Softline_1982_09,Normal,22,None
Softline_1982_09,Normal,23,None
Softline_1982_09,Normal,24,None
Softline_1982_09,Normal,25,None
Softline_1982_09,Normal,26,None
Softline_1982_09,Normal,27,None
Softline_1982_09,Normal,28,None
Softline_1982_09,Normal,29,None
Softline_1982_09,Normal,30,None
Softline_1982_09,Normal,31,None
Softline_1982_09,Normal,32,None
Softline_1982_09,Normal,33,None
Softline_1982_09,Normal,34,None
Softline_1982_09,Normal,35,None
Softline_1982_09,Normal,36,None
Softline_1982_09,Normal,37,None
Softline_1982_09,Normal,38,None
Softline_1982_09,Normal,39,None
Softline_1982_11,Title,0,None
Softline_1982_11,Normal,1,None
Softline_1982_11,Normal,2,None
Softline_1982_11,Normal,3,None
Softline_1982_11,Normal,4,None
Softline_1982_11,Normal,5,None
Softline_1982_11,Normal,6,None
Softline_1982_11,Normal,7,None
Softline_1982_11,Normal,8,None
Softline_1982_11,Normal,9,None
Softline_1982_11,Normal,10,None
Softline_1982_11,Normal,11,None
Softline_1982_11,Normal,12,None
Softline_1982_11,Normal,13,None
Softline_1982_11,Normal,14,None
Softline_1982_11,Normal,15,None
Softline_1982_11,Normal,16,None
Softline_1982_11,Normal,17,None
Softline_1982_11,Normal,18,None
Softline_1982_11,Normal,19,None
Softline_1982_11,Normal,20,None
Softline_1982_11,Normal,21,None
Softline_1982_11,Normal,22,None
Softline_1982_11,Normal,23,None
Softline_1982_11,Normal,24,None
Softline_1982_11,Normal,25,None
Softline_1982_11,Normal,26,None
Softline_1982_11,Normal,27,None
Softline_1982_11,Normal,28,None
Softline_1982_11,Normal,29,None
Softline_1982_11,Normal,30,None
Softline_1982_11,Normal,31,None
Softline_1982_11,Normal,32,None
Softline_1982_11,Normal,33,None
Softline_1982_11,Normal,34,None
Softline_1982_11,Normal,35,None
Softline_1983_01,Title,0,None
Softline_1983_01,Normal,1,None
Softline_1983_01,Normal,2,None
Softline_1983_01,Normal,3,None
Softline_1983_01,Normal,4,None
Softline_1983_01,Normal,5,None
Softline_1983_01,Normal,6,None
Softline_1983_01,Normal,7,None
Softline_1983_01,Normal,8,None
Softline_1983_01,Normal,9,None
Softline_1983_01,Normal,10,None
Softline_1983_01,Normal,11,None
Softline_1983_01,Normal,12,None
Softline_1983_01,Normal,13,None
Softline_1983_01,Normal,14,None
Softline_1983_01,Normal,15,None
Softline_1983_01,Normal,16,None
Softline_1983_01,Normal,17,None
Softline_1983_01,Normal,18,None
Softline_1983_01,Normal,19,None
Softline_1983_01,Normal,20,None
Softline_1983_01,Normal,21,None
Softline_1983_01,Normal,22,None
Softline_1983_01,Normal,23,None
Softline_1983_01,Normal,24,None
Softline_1983_01,Normal,25,None
Softline_1983_01,Normal,26,None
Softline_1983_01,Normal,27,None
Softline_1983_01,Normal,28,None
Softline_1983_01,Normal,29,None
Softline_1983_01,Normal,30,None
Softline_1983_01,Normal,31,None
Softline_1983_01,Normal,32,None
Softline_1983_01,Normal,33,None
Softline_1983_01,Normal,34,None
Softline_1983_01,Normal,35,None
Softline_1983_01,Normal,36,None
Softline_1983_01,Normal,37,None
Softline_1983_01,Normal,38,None
Softline_1983_01,Normal,39,None
Softline_1983_01,Normal,40,None
Softline_1983_01,Normal,41,None
Softline_1983_01,Normal,42,None
Softline_1983_01,Normal,43,None
Softline_1983_01,Normal,44,None
Softline_1983_01,Normal,45,None
Softline_1983_01,Normal,46,None
Softline_1983_01,Normal,47,None
Softline_1983_01,Normal,48,None
Softline_1983_01,Normal,49,None
Softline_1983_01,Normal,50,None
Softline_1983_01,Normal,51,None
Softline_1983_01,Normal,52,None
Softline_1983_01,Normal,53,None
Softline_1983_01,Normal,54,None
Softline_1983_01,Normal,55,None
Softline_1983_01,Normal,56,None
Softline_1983_01,Normal,57,None
Softline_1983_01,Normal,58,None
Softline_1983_01,Normal,59,None
Softline_1983_01,Normal,60,None
Softline_1983_01,Normal,61,None
Softline_1983_01,Normal,62,None
Softline_1983_01,Normal,63,None
Softline_1983_01_AE,Title,0,None
Softline_1983_01_AE,Normal,1,None
Softline_1983_03,Title,0,None
Softline_1983_03,Normal,1,None
Softline_1983_03,Normal,2,None
Softline_1983_03,Normal,3,None
Softline_1983_03,Normal,4,None
Softline_1983_03,Normal,5,None
Softline_1983_03,Normal,6,None
Softline_1983_03,Normal,7,None
Softline_1983_03,Normal,8,None
Softline_1983_03,Normal,9,None
Softline_1983_03,Normal,10,None
Softline_1983_03,Normal,11,None
Softline_1983_03,Normal,12,None
Softline_1983_03,Normal,13,None
Softline_1983_03,Normal,14,None
Softline_1983_03,Normal,15,None
Softline_1983_03,Normal,16,None
Softline_1983_03,Normal,17,None
Softline_1983_03,Normal,18,None
Softline_1983_03,Normal,19,None
Softline_1983_03,Normal,20,None
Softline_1983_03,Normal,21,None
Softline_1983_03,Normal,22,None
Softline_1983_03,Normal,23,None
Softline_1983_03,Normal,24,None
Softline_1983_03,Normal,25,None
Softline_1983_03,Normal,26,None
Softline_1983_03,Normal,27,None
Softline_1983_03,Normal,28,None
Softline_1983_03,Normal,29,None
Softline_1983_03,Normal,30,None
Softline_1983_03,Normal,31,None
Softline_1983_03,Normal,32,None
Softline_1983_03,Normal,33,None
Softline_1983_03,Normal,34,None
Softline_1983_03,Normal,35,None
Softline_1983_03,Normal,36,None
Softline_1983_03,Normal,37,None
Softline_1983_03,Normal,38,None
Softline_1983_03,Normal,39,None
Softline_1983_03,Normal,40,None
Softline_1983_03,Normal,41,None
Softline_1983_03,Normal,42,None
Softline_1983_03,Normal,43,None
Softline_1983_03,Normal,44,None
Softline_1983_03,Normal,45,None
Softline_1983_03,Normal,46,None
Softline_1983_03,Normal,47,None
Softline_1983_03,Normal,48,None
Softline_1983_03,Normal,49,None
Softline_1983_03,Normal,50,None
Softline_1983_03,Normal,51,None
Softline_1983_03,Normal,52,None
Softline_1983_03,Normal,53,None
Softline_1983_03,Normal,54,None
Softline_1983_03,Normal,55,None
Softline_1983_03,Normal,56,None
Softline_1983_03,Normal,57,None
Softline_1983_03,Normal,58,None
Softline_1983_03,Normal,59,None
Softline_1983_03,Normal,60,None
Softline_1983_03,Normal,61,None
Softline_1983_03,Normal,62,None
Softline_1983_03,Normal,63,None
Softline_1983_05_06,Title,0,None
Softline_1983_05_06,Normal,1,None
Softline_1983_05_06,Normal,2,None
Softline_1983_05_06,Normal,3,None
Softline_1983_05_06,Normal,4,None
Softline_1983_05_06,Normal,5,None
Softline_1983_05_06,Normal,6,None
Softline_1983_05_06,Normal,7,None
Softline_1983_05_06,Normal,8,None
Softline_1983_05_06,Normal,9,None
Softline_1983_05_06,Normal,10,None
Softline_1983_05_06,Normal,11,None
Softline_1983_05_06,Normal,12,None
Softline_1983_05_06,Normal,13,None
Softline_1983_05_06,Normal,14,None
Softline_1983_05_06,Normal,15,None
Softline_1983_05_06,Normal,16,None
Softline_1983_05_06,Normal,17,None
Softline_1983_05_06,Normal,18,None
Softline_1983_05_06,Normal,19,None
Softline_1983_05_06,Normal,20,None
Softline_1983_05_06,Normal,21,None
Softline_1983_05_06,Normal,22,None
Softline_1983_05_06,Normal,23,None
Softline_1983_05_06,Normal,24,None
Softline_1983_05_06,Normal,25,None
Softline_1983_05_06,Normal,26,None
Softline_1983_05_06,Normal,27,None
Softline_1983_05_06,Normal,28,None
Softline_1983_05_06,Normal,29,None
Softline_1983_05_06,Normal,30,None
Softline_1983_05_06,Normal,31,None
Softline_1983_05_06,Normal,32,None
Softline_1983_05_06,Normal,33,None
Softline_1983_05_06,Normal,34,None
Softline_1983_05_06,Normal,35,None
Softline_1983_05_06,Normal,36,None
Softline_1983_05_06,Normal,37,None
Softline_1983_05_06,Normal,38,None
Softline_1983_05_06,Normal,39,None
Softline_1983_05_06,Normal,40,None
Softline_1983_05_06,Normal,41,None
Softline_1983_05_06,Normal,42,None
Softline_1983_05_06,Normal,43,None
Softline_1983_05_06,Normal,44,None
Softline_1983_05_06,Normal,45,None
Softline_1983_05_06,Normal,46,None
Softline_1983_05_06,Normal,47,None
Softline_1983_05_06,Normal,48,None
Softline_1983_05_06,Normal,49,None
Softline_1983_05_06,Normal,50,None
Softline_1983_05_06,Normal,51,None
Softline_1983_05_06,Normal,52,None
Softline_1983_05_06,Normal,53,None
Softline_1983_05_06,Normal,54,None
Softline_1983_05_06,Normal,55,None
Softline_1983_05_06,Normal,56,None
Softline_1983_05_06,Normal,57,None
Softline_1983_05_06,Normal,58,None
Softline_1983_05_06,Normal,59,None
Softline_1983_05_06,Normal,60,None
Softline_1983_05_06,Normal,61,None
Softline_1983_05_06,Normal,62,None
Softline_1983_05_06,Normal,63,None
Softline_1983_07_08,Title,0,None
Softline_1983_07_08,Normal,1,None
Softline_1983_07_08,Normal,2,None
Softline_1983_07_08,Normal,3,None
Softline_1983_07_08,Normal,4,None
Softline_1983_07_08,Normal,5,None
Softline_1983_07_08,Normal,6,None
Softline_1983_07_08,Normal,7,None
Softline_1983_07_08,Normal,8,None
Softline_1983_07_08,Normal,9,None
Softline_1983_07_08,Normal,10,None
Softline_1983_07_08,Normal,11,None
Softline_1983_07_08,Normal,12,None
Softline_1983_07_08,Normal,13,None
Softline_1983_07_08,Normal,14,None
Softline_1983_07_08,Normal,15,None
Softline_1983_07_08,Normal,16,None
Softline_1983_07_08,Normal,17,None
Softline_1983_07_08,Normal,18,None
Softline_1983_07_08,Normal,19,None
Softline_1983_07_08,Normal,20,None
Softline_1983_07_08,Normal,21,None
Softline_1983_07_08,Normal,22,None
Softline_1983_07_08,Normal,23,None
Softline_1983_07_08,Normal,24,None
Softline_1983_07_08,Normal,25,None
Softline_1983_07_08,Normal,26,None
Softline_1983_07_08,Normal,27,None
Softline_1983_07_08,Normal,28,None
Softline_1983_07_08,Normal,29,None
Softline_1983_07_08,Normal,30,None
Softline_1983_07_08,Normal,31,None
Softline_1983_07_08,Normal,32,None
Softline_1983_07_08,Normal,33,None
Softline_1983_07_08,Normal,34,None
Softline_1983_07_08,Normal,35,None
Softline_1983_07_08,Normal,36,None
Softline_1983_07_08,Normal,37,None
Softline_1983_07_08,Normal,38,None
Softline_1983_07_08,Normal,39,None
Softline_1983_07_08,Normal,40,None
Softline_1983_07_08,Normal,41,None
Softline_1983_07_08,Normal,42,None
Softline_1983_07_08,Normal,43,None
Softline_1983_07_08,Normal,44,None
Softline_1983_07_08,Normal,45,None
Softline_1983_07_08,Normal,46,None
Softline_1983_07_08,Normal,47,None
Softline_1983_07_08,Normal,48,None
Softline_1983_07_08,Normal,49,None
Softline_1983_07_08,Normal,50,None
Softline_1983_07_08,Normal,51,None
Softline_1983_07_08,Normal,52,None
Softline_1983_07_08,Normal,53,None
Softline_1983_07_08,Normal,54,None
Softline_1983_07_08,Normal,55,None
Softline_1983_07_08,Normal,56,None
Softline_1983_07_08,Normal,57,None
Softline_1983_07_08,Normal,58,None
Softline_1983_07_08,Normal,59,None
Softline_1983_07_08,Normal,60,None
Softline_1983_07_08,Normal,61,None
Softline_1983_07_08,Normal,62,None
Softline_1983_07_08,Normal,63,None
Softline_1983_09_10,Title,0,None
Softline_1983_09_10,Normal,1,None
Softline_1983_09_10,Normal,2,None
Softline_1983_09_10,Normal,3,None
Softline_1983_09_10,Normal,4,None
Softline_1983_09_10,Normal,5,None
Softline_1983_09_10,Normal,6,None
Softline_1983_09_10,Normal,7,None
Softline_1983_09_10,Normal,8,None
Softline_1983_09_10,Normal,9,None
Softline_1983_09_10,Normal,10,None
Softline_1983_09_10,Normal,11,None
Softline_1983_09_10,Normal,12,None
Softline_1983_09_10,Normal,13,None
Softline_1983_09_10,Normal,14,None
Softline_1983_09_10,Normal,15,None
Softline_1983_09_10,Normal,16,None
Softline_1983_09_10,Normal,17,None
Softline_1983_09_10,Normal,18,None
Softline_1983_09_10,Normal,19,None
Softline_1983_09_10,Normal,20,None
Softline_1983_09_10,Normal,21,None
Softline_1983_09_10,Normal,22,None
Softline_1983_09_10,Normal,23,None
Softline_1983_09_10,Normal,24,None
Softline_1983_09_10,Normal,25,None
Softline_1983_09_10,Normal,26,None
Softline_1983_09_10,Normal,27,None
Softline_1983_09_10,Normal,28,None
Softline_1983_09_10,Normal,29,None
Softline_1983_09_10,Normal,30,None
Softline_1983_09_10,Normal,31,None
Softline_1983_09_10,Normal,32,None
Softline_1983_09_10,Normal,33,None
Softline_1983_09_10,Normal,34,None
Softline_1983_09_10,Normal,35,None
Softline_1983_09_10,Normal,36,None
Softline_1983_09_10,Normal,37,None
Softline_1983_09_10,Normal,38,None
Softline_1983_09_10,Normal,39,None
Softline_1983_09_10,Normal,40,None
Softline_1983_09_10,Normal,41,None
Softline_1983_09_10,Normal,42,None
Softline_1983_09_10,Normal,43,None
Softline_1983_09_10,Normal,44,None
Softline_1983_09_10,Normal,45,None
Softline_1983_09_10,Normal,46,None
Softline_1983_09_10,Normal,47,None
Softline_1983_09_10,Normal,48,None
Softline_1983_09_10,Normal,49,None
Softline_1983_09_10,Normal,50,None
Softline_1983_09_10,Normal,51,None
Softline_1983_09_10,Normal,52,None
Softline_1983_09_10,Normal,53,None
Softline_1983_09_10,Normal,54,None
Softline_1983_09_10,Normal,55,None
Softline_1983_09_10,Normal,56,None
Softline_1983_09_10,Normal,57,None
Softline_1983_09_10,Normal,58,None
Softline_1983_09_10,Normal,59,None
Softline_1983_09_10,Normal,60,None
Softline_1983_09_10,Normal,61,None
Softline_1983_09_10,Normal,62,None
Softline_1983_09_10,Normal,63,None
Softline_1983_11_12,Title,0,None
Softline_1983_11_12,Normal,1,None
Softline_1983_11_12,Normal,2,None
Softline_1983_11_12,Normal,3,None
Softline_1983_11_12,Normal,4,None
Softline_1983_11_12,Normal,5,None
Softline_1983_11_12,Normal,6,None
Softline_1983_11_12,Normal,7,None
Softline_1983_11_12,Normal,8,None
Softline_1983_11_12,Normal,9,None
Softline_1983_11_12,Normal,10,None
Softline_1983_11_12,Normal,11,None
Softline_1983_11_12,Normal,12,None
Softline_1983_11_12,Normal,13,None
Softline_1983_11_12,Normal,14,None
Softline_1983_11_12,Normal,15,None
Softline_1983_11_12,Normal,16,None
Softline_1983_11_12,Normal,17,None
Softline_1983_11_12,Normal,18,None
Softline_1983_11_12,Normal,19,None
Softline_1983_11_12,Normal,20,None
Softline_1983_11_12,Normal,21,None
Softline_1983_11_12,Normal,22,None
Softline_1983_11_12,Normal,23,None
Softline_1983_11_12,Normal,24,None
Softline_1983_11_12,Normal,25,None
Softline_1983_11_12,Normal,26,None
Softline_1983_11_12,Normal,27,None
Softline_1983_11_12,Normal,28,None
Softline_1983_11_12,Normal,29,None
Softline_1983_11_12,Normal,30,None
Softline_1983_11_12,Normal,31,None
Softline_1983_11_12,Normal,32,None
Softline_1983_11_12,Normal,33,None
Softline_1983_11_12,Normal,34,None
Softline_1983_11_12,Normal,35,None
Softline_1983_11_12,Normal,36,None
Softline_1983_11_12,Normal,37,None
Softline_1983_11_12,Normal,38,None
Softline_1983_11_12,Normal,39,None
Softline_1983_11_12,Normal,40,None
Softline_1983_11_12,Normal,41,None
Softline_1983_11_12,Normal,42,None
Softline_1983_11_12,Normal,43,None
Softline_1983_11_12,Normal,44,None
Softline_1983_11_12,Normal,45,None
Softline_1983_11_12,Normal,46,None
Softline_1983_11_12,Normal,47,None
Softline_1983_11_12,Normal,48,None
Softline_1983_11_12,Normal,49,None
Softline_1983_11_12,Normal,50,None
Softline_1983_11_12,Normal,51,None
Softline_1983_11_12,Normal,52,None
Softline_1983_11_12,Normal,53,None
Softline_1983_11_12,Normal,54,None
Softline_1983_11_12,Normal,55,None
Softline_1983_11_12,Normal,56,None
Softline_1983_11_12,Normal,57,None
Softline_1983_11_12,Normal,58,None
Softline_1983_11_12,Normal,59,None
Softline_1983_11_12,Normal,60,None
Softline_1983_11_12,Normal,61,None
Softline_1983_11_12,Normal,62,None
Softline_1983_11_12,Normal,63,None
Softline_1983_11_12,Normal,64,None
Softline_1983_11_12,Normal,65,None
Softline_1983_11_12,Normal,66,None
Softline_1983_11_12,Normal,67,None
Softline_1983_11_12,Normal,68,None
Softline_1983_11_12,Normal,69,None
Softline_1983_11_12,Normal,70,None
Softline_1983_11_12,Normal,71,None
Softline_1984_01_02,Title,0,None
Softline_1984_01_02,Normal,1,None
Softline_1984_01_02,Normal,2,None
Softline_1984_01_02,Normal,3,None
Softline_1984_01_02,Normal,4,None
Softline_1984_01_02,Normal,5,None
Softline_1984_01_02,Normal,6,None
Softline_1984_01_02,Normal,7,None
Softline_1984_01_02,Normal,8,None
Softline_1984_01_02,Normal,9,None
Softline_1984_01_02,Normal,10,None
Softline_1984_01_02,Normal,11,None
Softline_1984_01_02,Normal,12,None
Softline_1984_01_02,Normal,13,None
Softline_1984_01_02,Normal,14,None
Softline_1984_01_02,Normal,15,None
Softline_1984_01_02,Normal,16,None
Softline_1984_01_02,Normal,17,None
Softline_1984_01_02,Normal,18,None
Softline_1984_01_02,Normal,19,None
Softline_1984_01_02,Normal,20,None
Softline_1984_01_02,Normal,21,None
Softline_1984_01_02,Normal,22,None
Softline_1984_01_02,Normal,23,None
Softline_1984_01_02,Normal,24,None
Softline_1984_01_02,Normal,25,None
Softline_1984_01_02,Normal,26,None
Softline_1984_01_02,Normal,27,None
Softline_1984_01_02,Normal,28,None
Softline_1984_01_02,Normal,29,None
Softline_1984_01_02,Normal,30,None
Softline_1984_01_02,Normal,31,None
Softline_1984_01_02,Normal,32,None
Softline_1984_01_02,Normal,33,None
Softline_1984_01_02,Normal,34,None
Softline_1984_01_02,Normal,35,None
Softline_1984_01_02,Normal,36,None
Softline_1984_01_02,Normal,37,None
Softline_1984_01_02,Normal,38,None
Softline_1984_01_02,Normal,39,None
Softline_1984_01_02,Normal,40,None
Softline_1984_01_02,Normal,41,None
Softline_1984_01_02,Normal,42,None
Softline_1984_01_02,Normal,43,None
Softline_1984_01_02,Normal,44,None
Softline_1984_01_02,Normal,45,None
Softline_1984_01_02,Normal,46,None
Softline_1984_01_02,Normal,47,None
Softline_1984_01_02,Normal,48,None
Softline_1984_01_02,Normal,49,None
Softline_1984_01_02,Normal,50,None
Softline_1984_01_02,Normal,51,None
Softline_1984_01_02,Normal,52,None
Softline_1984_01_02,Normal,53,None
Softline_1984_01_02,Normal,54,None
Softline_1984_01_02,Normal,55,None
Softline_1984_01_02,Normal,56,None
Softline_1984_01_02,Normal,57,None
Softline_1984_01_02,Normal,58,None
Softline_1984_01_02,Normal,59,None
Softline_1984_01_02,Normal,60,None
Softline_1984_01_02,Normal,61,None
Softline_1984_01_02,Normal,62,None
Softline_1984_01_02,Normal,63,None
Softline_1984_03_04,Title,0,None
Softline_1984_03_04,Normal,1,None
Softline_1984_03_04,Normal,2,None
Softline_1984_03_04,Normal,3,None
Softline_1984_03_04,Normal,4,None
Softline_1984_03_04,Normal,5,None
Softline_1984_03_04,Normal,6,None
Softline_1984_03_04,Normal,7,None
Softline_1984_03_04,Normal,8,None
Softline_1984_03_04,Normal,9,None
Softline_1984_03_04,Normal,10,None
Softline_1984_03_04,Normal,11,None
Softline_1984_03_04,Normal,12,None
Softline_1984_03_04,Normal,13,None
Softline_1984_03_04,Normal,14,None
Softline_1984_03_04,Normal,15,None
Softline_1984_03_04,Normal,16,None
Softline_1984_03_04,Normal,17,None
Softline_1984_03_04,Normal,18,None
Softline_1984_03_04,Normal,19,None
Softline_1984_03_04,Normal,20,None
Softline_1984_03_04,Normal,21,None
Softline_1984_03_04,Normal,22,None
Softline_1984_03_04,Normal,23,None
Softline_1984_03_04,Normal,24,None
Softline_1984_03_04,Normal,25,None
Softline_1984_03_04,Normal,26,None
Softline_1984_03_04,Normal,27,None
Softline_1984_03_04,Normal,28,None
Softline_1984_03_04,Normal,29,None
Softline_1984_03_04,Normal,30,None
Softline_1984_03_04,Normal,31,None
Softline_1984_03_04,Normal,32,None
Softline_1984_03_04,Normal,33,None
Softline_1984_03_04,Normal,34,None
Softline_1984_03_04,Normal,35,None
Softline_1984_03_04,Normal,36,None
Softline_1984_03_04,Normal,37,None
Softline_1984_03_04,Normal,38,None
Softline_1984_03_04,Normal,39,None
Softline_1984_03_04,Normal,40,None
Softline_1984_03_04,Normal,41,None
Softline_1984_03_04,Normal,42,None
Softline_1984_03_04,Normal,43,None
Softline_1984_03_04,Normal,44,None
Softline_1984_03_04,Normal,45,None
Softline_1984_03_04,Normal,46,None
Softline_1984_03_04,Normal,47,None
Softline_1984_03_04,Normal,48,None
Softline_1984_03_04,Normal,49,None
Softline_1984_03_04,Normal,50,None
Softline_1984_03_04,Normal,51,None
Softline_1984_03_04,Normal,52,None
Softline_1984_03_04,Normal,53,None
Softline_1984_03_04,Normal,54,None
Softline_1984_03_04,Normal,55,None
Softline_1984_03_04,Normal,56,None
Softline_1984_03_04,Normal,57,None
Softline_1984_03_04,Normal,58,None
Softline_1984_03_04,Normal,59,None
Softline_1984_03_04,Normal,60,None
Softline_1984_03_04,Normal,61,None
Softline_1984_03_04,Normal,62,None
Softline_1984_03_04,Normal,63,None
